{"cameraMode":{"drawMode":0,"name":"Shaded","section":"Shading Mode"},"sceneLighting":false,"audioPlay":false,"sceneViewState":{"showFog":false,"showMaterialUpdate":false,"showSkybox":false,"showFlares":false,"showImageEffects":true,"showParticleSystems":true},"in2DMode":false,"pivot":{"x":748.3029174804688,"y":408.54388427734377,"z":-2.697509765625},"rotation":{"x":0.016808778047561647,"y":-0.0005970353377051652,"z":0.00000998340874502901,"w":0.999858558177948},"size":1187.15185546875,"orthographic":false}