{"cameraMode":{"drawMode":0,"name":"Shaded","section":"Shading Mode"},"sceneLighting":true,"audioPlay":false,"sceneViewState":{"showFog":false,"showMaterialUpdate":false,"showSkybox":false,"showFlares":false,"showImageEffects":true,"showParticleSystems":true},"in2DMode":false,"pivot":{"x":1353.1796875,"y":568.8211059570313,"z":-0.017913818359375},"rotation":{"x":-0.0011904282728210092,"y":0.0009028809727169573,"z":0.0000010213817631665734,"w":0.999998927116394},"size":498.4167175292969,"orthographic":false}