{"cameraMode":{"drawMode":0,"name":"Shaded","section":"Shading Mode"},"sceneLighting":false,"audioPlay":false,"sceneViewState":{"showFog":false,"showMaterialUpdate":false,"showSkybox":false,"showFlares":false,"showImageEffects":true,"showParticleSystems":true},"in2DMode":false,"pivot":{"x":897.8519287109375,"y":495.21112060546877,"z":-0.0917205810546875},"rotation":{"x":0.016808778047561647,"y":-0.0005970353377051652,"z":0.00000998340874502901,"w":0.999858558177948},"size":155.49368286132813,"orthographic":false}